epoch,accuracy,loss,val_accuracy,val_loss
0,0.8541167,1.4501621737241746,0.9779,0.06648034644843656
