epoch,accuracy,loss,val_accuracy,val_loss
0,0.79408336,0.9487614786783855,0.9754,0.07969988075002463
1,0.9428333,0.1903442177136739,0.9829,0.0547531152415219
2,0.96035,0.13083036819299063,0.9828,0.05952539003477727
3,0.9669167,0.10913176937500636,0.9874,0.041347268730095484
4,0.9755833,0.08640432897508145,0.9876,0.04335320101832806
5,0.97926664,0.07101956153810024,0.9871,0.039304662759628003
6,0.9820667,0.060223358311752476,0.9889,0.041517887736782666
7,0.98321664,0.05335332860151926,0.99,0.03644980102868845
